,file_name,condition,replicate,name
wildtype_01,WT_rep01_MID39_allLanes_tophat2.0.5.bam.gbgout,wildtype,1,wildtype_01
wildtype_02,WT_rep02_MID50_allLanes_tophat2.0.5.bam.gbgout,wildtype,2,wildtype_02
wildtype_03,WT_rep03_MID51_allLanes_tophat2.0.5.bam.gbgout,wildtype,3,wildtype_03
wildtype_04,WT_rep04_MID58_allLanes_tophat2.0.5.bam.gbgout,wildtype,4,wildtype_04
wildtype_05,WT_rep05_MID93_allLanes_tophat2.0.5.bam.gbgout,wildtype,5,wildtype_05
wildtype_06,WT_rep06_MID30_allLanes_tophat2.0.5.bam.gbgout,wildtype,6,wildtype_06
wildtype_07,WT_rep07_MID24_allLanes_tophat2.0.5.bam.gbgout,wildtype,7,wildtype_07
wildtype_08,WT_rep08_MID20_allLanes_tophat2.0.5.bam.gbgout,wildtype,8,wildtype_08
wildtype_09,WT_rep09_MID91_allLanes_tophat2.0.5.bam.gbgout,wildtype,9,wildtype_09
wildtype_10,WT_rep10_MID37_allLanes_tophat2.0.5.bam.gbgout,wildtype,10,wildtype_10
wildtype_11,WT_rep11_MID54_allLanes_tophat2.0.5.bam.gbgout,wildtype,11,wildtype_11
wildtype_12,WT_rep12_MID03_allLanes_tophat2.0.5.bam.gbgout,wildtype,12,wildtype_12
wildtype_13,WT_rep13_MID45_allLanes_tophat2.0.5.bam.gbgout,wildtype,13,wildtype_13
wildtype_14,WT_rep14_MID52_allLanes_tophat2.0.5.bam.gbgout,wildtype,14,wildtype_14
wildtype_15,WT_rep15_MID09_allLanes_tophat2.0.5.bam.gbgout,wildtype,15,wildtype_15
wildtype_16,WT_rep16_MID92_allLanes_tophat2.0.5.bam.gbgout,wildtype,16,wildtype_16
wildtype_17,WT_rep17_MID66_allLanes_tophat2.0.5.bam.gbgout,wildtype,17,wildtype_17
wildtype_18,WT_rep18_MID48_allLanes_tophat2.0.5.bam.gbgout,wildtype,18,wildtype_18
wildtype_19,WT_rep19_MID83_allLanes_tophat2.0.5.bam.gbgout,wildtype,19,wildtype_19
wildtype_20,WT_rep20_MID90_allLanes_tophat2.0.5.bam.gbgout,wildtype,20,wildtype_20
wildtype_23,WT_rep23_MID36_allLanes_tophat2.0.5.bam.gbgout,wildtype,23,wildtype_23
wildtype_24,WT_rep24_MID69_allLanes_tophat2.0.5.bam.gbgout,wildtype,24,wildtype_24
wildtype_26,WT_rep26_MID08_allLanes_tophat2.0.5.bam.gbgout,wildtype,26,wildtype_26
wildtype_27,WT_rep27_MID41_allLanes_tophat2.0.5.bam.gbgout,wildtype,27,wildtype_27
wildtype_29,WT_rep29_MID68_allLanes_tophat2.0.5.bam.gbgout,wildtype,29,wildtype_29
wildtype_30,WT_rep30_MID27_allLanes_tophat2.0.5.bam.gbgout,wildtype,30,wildtype_30
wildtype_31,WT_rep31_MID43_allLanes_tophat2.0.5.bam.gbgout,wildtype,31,wildtype_31
wildtype_32,WT_rep32_MID95_allLanes_tophat2.0.5.bam.gbgout,wildtype,32,wildtype_32
wildtype_33,WT_rep33_MID88_allLanes_tophat2.0.5.bam.gbgout,wildtype,33,wildtype_33
wildtype_35,WT_rep35_MID32_allLanes_tophat2.0.5.bam.gbgout,wildtype,35,wildtype_35
wildtype_37,WT_rep37_MID07_allLanes_tophat2.0.5.bam.gbgout,wildtype,37,wildtype_37
wildtype_38,WT_rep38_MID87_allLanes_tophat2.0.5.bam.gbgout,wildtype,38,wildtype_38
wildtype_39,WT_rep39_MID05_allLanes_tophat2.0.5.bam.gbgout,wildtype,39,wildtype_39
wildtype_40,WT_rep40_MID18_allLanes_tophat2.0.5.bam.gbgout,wildtype,40,wildtype_40
wildtype_41,WT_rep41_MID13_allLanes_tophat2.0.5.bam.gbgout,wildtype,41,wildtype_41
wildtype_42,WT_rep42_MID10_allLanes_tophat2.0.5.bam.gbgout,wildtype,42,wildtype_42
wildtype_43,WT_rep43_MID49_allLanes_tophat2.0.5.bam.gbgout,wildtype,43,wildtype_43
wildtype_44,WT_rep44_MID22_allLanes_tophat2.0.5.bam.gbgout,wildtype,44,wildtype_44
wildtype_45,WT_rep45_MID44_allLanes_tophat2.0.5.bam.gbgout,wildtype,45,wildtype_45
wildtype_46,WT_rep46_MID94_allLanes_tophat2.0.5.bam.gbgout,wildtype,46,wildtype_46
wildtype_47,WT_rep47_MID17_allLanes_tophat2.0.5.bam.gbgout,wildtype,47,wildtype_47
wildtype_48,WT_rep48_MID85_allLanes_tophat2.0.5.bam.gbgout,wildtype,48,wildtype_48
knockout_01,Snf2_rep01_MID96_allLanes_tophat2.0.5.bam.gbgout,knockout,1,knockout_01
knockout_02,Snf2_rep02_MID21_allLanes_tophat2.0.5.bam.gbgout,knockout,2,knockout_02
knockout_03,Snf2_rep03_MID28_allLanes_tophat2.0.5.bam.gbgout,knockout,3,knockout_03
knockout_04,Snf2_rep04_MID11_allLanes_tophat2.0.5.bam.gbgout,knockout,4,knockout_04
knockout_05,Snf2_rep05_MID82_allLanes_tophat2.0.5.bam.gbgout,knockout,5,knockout_05
knockout_07,Snf2_rep07_MID26_allLanes_tophat2.0.5.bam.gbgout,knockout,7,knockout_07
knockout_08,Snf2_rep08_MID78_allLanes_tophat2.0.5.bam.gbgout,knockout,8,knockout_08
knockout_09,Snf2_rep09_MID04_allLanes_tophat2.0.5.bam.gbgout,knockout,9,knockout_09
knockout_10,Snf2_rep10_MID38_allLanes_tophat2.0.5.bam.gbgout,knockout,10,knockout_10
knockout_11,Snf2_rep11_MID01_allLanes_tophat2.0.5.bam.gbgout,knockout,11,knockout_11
knockout_12,Snf2_rep12_MID02_allLanes_tophat2.0.5.bam.gbgout,knockout,12,knockout_12
knockout_14,Snf2_rep14_MID33_allLanes_tophat2.0.5.bam.gbgout,knockout,14,knockout_14
knockout_15,Snf2_rep15_MID75_allLanes_tophat2.0.5.bam.gbgout,knockout,15,knockout_15
knockout_16,Snf2_rep16_MID72_allLanes_tophat2.0.5.bam.gbgout,knockout,16,knockout_16
knockout_17,Snf2_rep17_MID89_allLanes_tophat2.0.5.bam.gbgout,knockout,17,knockout_17
knockout_18,Snf2_rep18_MID40_allLanes_tophat2.0.5.bam.gbgout,knockout,18,knockout_18
knockout_19,Snf2_rep19_MID84_allLanes_tophat2.0.5.bam.gbgout,knockout,19,knockout_19
knockout_20,Snf2_rep20_MID15_allLanes_tophat2.0.5.bam.gbgout,knockout,20,knockout_20
knockout_21,Snf2_rep21_MID31_allLanes_tophat2.0.5.bam.gbgout,knockout,21,knockout_21
knockout_22,Snf2_rep22_MID53_allLanes_tophat2.0.5.bam.gbgout,knockout,22,knockout_22
knockout_23,Snf2_rep23_MID25_allLanes_tophat2.0.5.bam.gbgout,knockout,23,knockout_23
knockout_24,Snf2_rep24_MID42_allLanes_tophat2.0.5.bam.gbgout,knockout,24,knockout_24
knockout_26,Snf2_rep26_MID71_allLanes_tophat2.0.5.bam.gbgout,knockout,26,knockout_26
knockout_27,Snf2_rep27_MID34_allLanes_tophat2.0.5.bam.gbgout,knockout,27,knockout_27
knockout_28,Snf2_rep28_MID74_allLanes_tophat2.0.5.bam.gbgout,knockout,28,knockout_28
knockout_29,Snf2_rep29_MID57_allLanes_tophat2.0.5.bam.gbgout,knockout,29,knockout_29
knockout_30,Snf2_rep30_MID16_allLanes_tophat2.0.5.bam.gbgout,knockout,30,knockout_30
knockout_31,Snf2_rep31_MID77_allLanes_tophat2.0.5.bam.gbgout,knockout,31,knockout_31
knockout_32,Snf2_rep32_MID70_allLanes_tophat2.0.5.bam.gbgout,knockout,32,knockout_32
knockout_33,Snf2_rep33_MID29_allLanes_tophat2.0.5.bam.gbgout,knockout,33,knockout_33
knockout_34,Snf2_rep34_MID14_allLanes_tophat2.0.5.bam.gbgout,knockout,34,knockout_34
knockout_36,Snf2_rep36_MID23_allLanes_tophat2.0.5.bam.gbgout,knockout,36,knockout_36
knockout_37,Snf2_rep37_MID46_allLanes_tophat2.0.5.bam.gbgout,knockout,37,knockout_37
knockout_38,Snf2_rep38_MID06_allLanes_tophat2.0.5.bam.gbgout,knockout,38,knockout_38
knockout_39,Snf2_rep39_MID19_allLanes_tophat2.0.5.bam.gbgout,knockout,39,knockout_39
knockout_40,Snf2_rep40_MID12_allLanes_tophat2.0.5.bam.gbgout,knockout,40,knockout_40
knockout_41,Snf2_rep41_MID79_allLanes_tophat2.0.5.bam.gbgout,knockout,41,knockout_41
knockout_42,Snf2_rep42_MID47_allLanes_tophat2.0.5.bam.gbgout,knockout,42,knockout_42
knockout_43,Snf2_rep43_MID73_allLanes_tophat2.0.5.bam.gbgout,knockout,43,knockout_43
knockout_44,Snf2_rep44_MID65_allLanes_tophat2.0.5.bam.gbgout,knockout,44,knockout_44
knockout_45,Snf2_rep45_MID86_allLanes_tophat2.0.5.bam.gbgout,knockout,45,knockout_45
knockout_46,Snf2_rep46_MID35_allLanes_tophat2.0.5.bam.gbgout,knockout,46,knockout_46
knockout_47,Snf2_rep47_MID56_allLanes_tophat2.0.5.bam.gbgout,knockout,47,knockout_47
knockout_48,Snf2_rep48_MID55_allLanes_tophat2.0.5.bam.gbgout,knockout,48,knockout_48
