replicate_number,run_number,random_seed,total_selected_samples,full_significant_genes,subsample_significant_genes,recovered_genes,subsample_only_genes,recovery_percentage
3,1,123,6,5127,1167,1164,3,22.70333528
3,2,124,6,5127,1928,1924,4,37.5268188
3,3,125,6,5127,1602,1595,7,31.10981081
3,4,126,6,5127,1635,1632,3,31.8314804
3,5,127,6,5127,984,978,6,19.07548274
3,6,128,6,5127,2221,2209,12,43.08562512
3,7,129,6,5127,2594,2448,146,47.7472206
3,8,130,6,5127,1491,1482,9,28.90579286
3,9,131,6,5127,1111,1104,7,21.53306027
3,10,132,6,5127,1493,1491,2,29.08133411
3,11,133,6,5127,1187,1162,25,22.66432612
3,12,134,6,5127,1883,1833,50,35.7519017
3,13,135,6,5127,2049,2031,18,39.61380925
3,14,136,6,5127,2329,2279,50,44.45094597
3,15,137,6,5127,2699,2545,154,49.6391652
3,16,138,6,5127,1338,1334,4,26.01911449
3,17,139,6,5127,1580,1574,6,30.70021455
3,18,140,6,5127,1602,1598,4,31.16832456
3,19,141,6,5127,1670,1658,12,32.33859957
3,20,142,6,5127,2130,2027,103,39.53579091
3,21,143,6,5127,1306,1304,2,25.43397698
3,22,144,6,5127,2379,2244,135,43.76828555
3,23,145,6,5127,983,982,1,19.15350107
3,24,146,6,5127,1699,1687,12,32.90423249
3,25,147,6,5127,2312,2299,13,44.84103764
3,26,148,6,5127,1162,1161,1,22.64482153
3,27,149,6,5127,2219,2201,18,42.92958845
3,28,150,6,5127,1361,1360,1,26.52623366
3,29,151,6,5127,2537,2455,82,47.88375268
3,30,152,6,5127,1902,1897,5,37.00019505
3,31,153,6,5127,1828,1820,8,35.49834211
3,32,154,6,5127,1882,1869,13,36.45406671
3,33,155,6,5127,1943,1899,44,37.03920421
3,34,156,6,5127,1510,1509,1,29.43241662
3,35,157,6,5127,1143,1141,2,22.25472986
3,36,158,6,5127,1763,1761,2,34.34757168
3,37,159,6,5127,2397,2352,45,45.87478057
3,38,160,6,5127,1291,1291,0,25.1804174
3,39,161,6,5127,1307,1297,10,25.2974449
3,40,162,6,5127,2295,2249,46,43.86580846
3,41,163,6,5127,2155,2144,11,41.81782719
3,42,164,6,5127,1670,1659,11,32.35810415
3,43,165,6,5127,1870,1855,15,36.18100254
3,44,166,6,5127,2119,2105,14,41.05714843
3,45,167,6,5127,1499,1494,5,29.13984786
3,46,168,6,5127,1813,1787,26,34.85469085
3,47,169,6,5127,1514,1509,5,29.43241662
3,48,170,6,5127,1765,1720,45,33.54788375
3,49,171,6,5127,1754,1747,7,34.07450751
3,50,172,6,5127,2048,2029,19,39.57480008
3,51,173,6,5127,2978,2817,161,54.94441194
3,52,174,6,5127,1697,1694,3,33.04076458
3,53,175,6,5127,2098,2098,0,40.92061634
3,54,176,6,5127,1573,1565,8,30.5246733
3,55,177,6,5127,1835,1827,8,35.6348742
3,56,178,6,5127,1308,1303,5,25.4144724
3,57,179,6,5127,1336,1331,5,25.96060074
3,58,180,6,5127,1056,1056,0,20.59684026
3,59,181,6,5127,1591,1585,6,30.91476497
3,60,182,6,5127,1781,1778,3,34.6791496
3,61,183,6,5127,2066,2049,17,39.96489175
3,62,184,6,5127,2103,2033,70,39.65281841
3,63,185,6,5127,3439,3066,373,59.80105325
3,64,186,6,5127,2086,2075,11,40.47201092
3,65,187,6,5127,2801,2708,93,52.81841233
3,66,188,6,5127,1851,1825,26,35.59586503
3,67,189,6,5127,1942,1913,29,37.31226838
3,68,190,6,5127,2093,1984,109,38.69709382
3,69,191,6,5127,1907,1905,2,37.15623171
3,70,192,6,5127,1446,1435,11,27.98907743
3,71,193,6,5127,1533,1518,15,29.60795787
3,72,194,6,5127,1563,1488,75,29.02282036
3,73,195,6,5127,1136,1136,0,22.15720694
3,74,196,6,5127,1176,1174,2,22.89838112
3,75,197,6,5127,1459,1457,2,28.41817827
3,76,198,6,5127,1166,1160,6,22.62531695
3,77,199,6,5127,1423,1422,1,27.73551785
3,78,200,6,5127,1502,1492,10,29.1008387
3,79,201,6,5127,1007,1007,0,19.64111566
3,80,202,6,5127,2252,2167,85,42.26643261
3,81,203,6,5127,2071,2042,29,39.82835966
3,82,204,6,5127,2246,2207,39,43.04661595
3,83,205,6,5127,1787,1787,0,34.85469085
3,84,206,6,5127,1633,1616,17,31.51940706
3,85,207,6,5127,1645,1642,3,32.02652623
3,86,208,6,5127,1836,1826,10,35.61536961
3,87,209,6,5127,1580,1574,6,30.70021455
3,88,210,6,5127,1624,1618,6,31.55841623
3,89,211,6,5127,1380,1368,12,26.68227033
3,90,212,6,5127,1083,1082,1,21.10395943
3,91,213,6,5127,2706,2665,41,51.97971523
3,92,214,6,5127,1974,1951,23,38.05344256
3,93,215,6,5127,2488,2405,83,46.9085235
3,94,216,6,5127,1735,1668,67,32.53364541
3,95,217,6,5127,1461,1454,7,28.35966452
3,96,218,6,5127,1791,1768,23,34.48410376
3,97,219,6,5127,2607,2563,44,49.99024771
3,98,220,6,5127,3574,3086,488,60.19114492
3,99,221,6,5127,2363,2260,103,44.08035888
3,100,222,6,5127,2196,2110,86,41.15467135
4,1,223,8,5127,2140,2104,36,41.03764385
4,2,224,8,5127,2133,2126,7,41.46674469
4,3,225,8,5127,2374,2371,3,46.24536766
4,4,226,8,5127,1582,1580,2,30.81724205
4,5,227,8,5127,2239,2224,15,43.37819388
4,6,228,8,5127,1923,1910,13,37.25375463
4,7,229,8,5127,2703,2699,4,52.64287107
4,8,230,8,5127,2484,2460,24,47.9812756
4,9,231,8,5127,2909,2875,34,56.07567778
4,10,232,8,5127,2275,2272,3,44.31441389
4,11,233,8,5127,2037,2029,8,39.57480008
4,12,234,8,5127,2517,2493,24,48.62492686
4,13,235,8,5127,3268,3127,141,60.99083285
4,14,236,8,5127,2265,2261,4,44.09986347
4,15,237,8,5127,2589,2583,6,50.38033938
4,16,238,8,5127,2436,2391,45,46.63545933
4,17,239,8,5127,2670,2617,53,51.04349522
4,18,240,8,5127,2654,2629,25,51.27755022
4,19,241,8,5127,2702,2591,111,50.53637605
4,20,242,8,5127,1633,1629,4,31.77296665
4,21,243,8,5127,2982,2902,80,56.60230154
4,22,244,8,5127,3410,3242,168,63.23385996
4,23,245,8,5127,2607,2563,44,49.99024771
4,24,246,8,5127,3660,3417,243,66.64716208
4,25,247,8,5127,2811,2635,176,51.39457773
4,26,248,8,5127,3087,3016,71,58.82582407
4,27,249,8,5127,2319,2299,20,44.84103764
4,28,250,8,5127,2292,2261,31,44.09986347
4,29,251,8,5127,2418,2374,44,46.30388141
4,30,252,8,5127,2315,2310,5,45.05558806
4,31,253,8,5127,2011,1993,18,38.87263507
4,32,254,8,5127,2232,2221,11,43.31968012
4,33,255,8,5127,2001,1996,5,38.93114882
4,34,256,8,5127,1986,1925,61,37.54632339
4,35,257,8,5127,2898,2871,27,55.99765945
4,36,258,8,5127,2418,2341,77,45.66023015
4,37,259,8,5127,2571,2528,43,49.30758728
4,38,260,8,5127,2857,2798,59,54.57382485
4,39,261,8,5127,2564,2552,12,49.77569729
4,40,262,8,5127,3059,2977,82,58.06514531
4,41,263,8,5127,1665,1653,12,32.24107665
4,42,264,8,5127,2339,2320,19,45.2506339
4,43,265,8,5127,2646,2580,66,50.32182563
4,44,266,8,5127,2172,2166,6,42.24692803
4,45,267,8,5127,1978,1975,3,38.52155256
4,46,268,8,5127,2566,2426,140,47.31811976
4,47,269,8,5127,2491,2471,20,48.19582602
4,48,270,8,5127,3232,3132,100,61.08835576
4,49,271,8,5127,2445,2396,49,46.73298225
4,50,272,8,5127,2564,2552,12,49.77569729
4,51,273,8,5127,2080,2076,4,40.49151551
4,52,274,8,5127,2110,2108,2,41.11566218
4,53,275,8,5127,1830,1829,1,35.67388336
4,54,276,8,5127,2306,2290,16,44.66549639
4,55,277,8,5127,1871,1865,6,36.37604837
4,56,278,8,5127,2000,1945,55,37.93641506
4,57,279,8,5127,2519,2471,48,48.19582602
4,58,280,8,5127,1624,1610,14,31.40237956
4,59,281,8,5127,1935,1892,43,36.90267213
4,60,282,8,5127,2395,2325,70,45.34815682
4,61,283,8,5127,3093,3033,60,59.15740199
4,62,284,8,5127,2201,2146,55,41.85683636
4,63,285,8,5127,2264,2237,27,43.63175346
4,64,286,8,5127,2490,2481,9,48.39087185
4,65,287,8,5127,1975,1975,0,38.52155256
4,66,288,8,5127,2018,1899,119,37.03920421
4,67,289,8,5127,2916,2865,51,55.88063195
4,68,290,8,5127,2690,2665,25,51.97971523
4,69,291,8,5127,1768,1762,6,34.36707626
4,70,292,8,5127,2355,2350,5,45.83577141
4,71,293,8,5127,2643,2604,39,50.78993563
4,72,294,8,5127,2266,2257,9,44.02184513
4,73,295,8,5127,2516,2484,32,48.44938561
4,74,296,8,5127,3535,3350,185,65.34035498
4,75,297,8,5127,2372,2371,1,46.24536766
4,76,298,8,5127,2206,2192,14,42.7540472
4,77,299,8,5127,3367,3192,175,62.25863078
4,78,300,8,5127,2120,2113,7,41.2131851
4,79,301,8,5127,1775,1768,7,34.48410376
4,80,302,8,5127,1889,1882,7,36.70762629
4,81,303,8,5127,2519,2482,37,48.41037644
4,82,304,8,5127,2405,2382,23,46.45991808
4,83,305,8,5127,2067,1953,114,38.09245173
4,84,306,8,5127,2499,2481,18,48.39087185
4,85,307,8,5127,2361,2288,73,44.62648722
4,86,308,8,5127,2076,2071,5,40.39399259
4,87,309,8,5127,2062,2057,5,40.12092842
4,88,310,8,5127,2936,2909,27,56.73883363
4,89,311,8,5127,2362,2357,5,45.97230349
4,90,312,8,5127,2698,2683,15,52.33079774
4,91,313,8,5127,3111,3044,67,59.37195241
4,92,314,8,5127,2311,2167,144,42.26643261
4,93,315,8,5127,1564,1561,3,30.44665496
4,94,316,8,5127,2368,2351,17,45.85527599
4,95,317,8,5127,3256,3113,143,60.71776868
4,96,318,8,5127,2746,2629,117,51.27755022
4,97,319,8,5127,2260,2259,1,44.0608543
4,98,320,8,5127,2989,2857,132,55.72459528
4,99,321,8,5127,2501,2499,2,48.74195436
4,100,322,8,5127,2952,2923,29,57.0118978
5,1,323,10,5127,2522,2496,26,48.68344061
5,2,324,10,5127,3651,3212,439,62.64872245
5,3,325,10,5127,2071,2065,6,40.27696509
5,4,326,10,5127,2275,2271,4,44.2949093
5,5,327,10,5127,3271,3194,77,62.29763995
5,6,328,10,5127,2853,2838,15,55.35400819
5,7,329,10,5127,2597,2585,12,50.41934855
5,8,330,10,5127,2666,2659,7,51.86268773
5,9,331,10,5127,3006,2969,37,57.90910864
5,10,332,10,5127,2626,2603,23,50.77043105
5,11,333,10,5127,3161,3138,23,61.20538327
5,12,334,10,5127,2711,2707,4,52.79890774
5,13,335,10,5127,3279,3088,191,60.23015409
5,14,336,10,5127,2729,2713,16,52.91593524
5,15,337,10,5127,3186,3122,64,60.89330993
5,16,338,10,5127,2564,2540,24,49.54164229
5,17,339,10,5127,2132,2127,5,41.48624927
5,18,340,10,5127,2326,2286,40,44.58747806
5,19,341,10,5127,2769,2660,109,51.88219232
5,20,342,10,5127,2300,2241,59,43.7097718
5,21,343,10,5127,3792,3521,271,68.67563878
5,22,344,10,5127,2197,2192,5,42.7540472
5,23,345,10,5127,2605,2593,12,50.57538522
5,24,346,10,5127,2984,2961,23,57.75307197
5,25,347,10,5127,3083,3051,32,59.50848449
5,26,348,10,5127,2791,2645,146,51.58962356
5,27,349,10,5127,2339,2326,13,45.3676614
5,28,350,10,5127,2796,2787,9,54.35927443
5,29,351,10,5127,2433,2430,3,47.39613809
5,30,352,10,5127,2959,2939,20,57.32397113
5,31,353,10,5127,2324,2315,9,45.15311098
5,32,354,10,5127,2877,2859,18,55.76360445
5,33,355,10,5127,2925,2881,44,56.19270529
5,34,356,10,5127,2627,2617,10,51.04349522
5,35,357,10,5127,2410,2400,10,46.81100059
5,36,358,10,5127,2869,2788,81,54.37877901
5,37,359,10,5127,2722,2646,76,51.60912815
5,38,360,10,5127,2791,2759,32,53.81314609
5,39,361,10,5127,2721,2712,9,52.89643066
5,40,362,10,5127,2284,2279,5,44.45094597
5,41,363,10,5127,2817,2798,19,54.57382485
5,42,364,10,5127,2523,2509,14,48.9370002
5,43,365,10,5127,2611,2537,74,49.48312854
5,44,366,10,5127,2776,2716,60,52.974449
5,45,367,10,5127,2939,2911,28,56.77784279
5,46,368,10,5127,3468,3341,127,65.16481373
5,47,369,10,5127,3021,3010,11,58.70879657
5,48,370,10,5127,2462,2442,20,47.6301931
5,49,371,10,5127,2649,2571,78,50.14628438
5,50,372,10,5127,2301,2299,2,44.84103764
5,51,373,10,5127,3168,3059,109,59.66452116
5,52,374,10,5127,3053,3015,38,58.80631949
5,53,375,10,5127,2432,2421,11,47.22059684
5,54,376,10,5127,2706,2669,37,52.05773357
5,55,377,10,5127,3247,3197,50,62.3561537
5,56,378,10,5127,2429,2419,10,47.18158767
5,57,379,10,5127,2668,2665,3,51.97971523
5,58,380,10,5127,3126,3107,19,60.60074117
5,59,381,10,5127,3430,3222,208,62.84376829
5,60,382,10,5127,2493,2489,4,48.54690852
5,61,383,10,5127,2533,2526,7,49.26857812
5,62,384,10,5127,2875,2852,23,55.62707236
5,63,385,10,5127,2715,2709,6,52.83791691
5,64,386,10,5127,2912,2902,10,56.60230154
5,65,387,10,5127,2759,2744,15,53.52057734
5,66,388,10,5127,2794,2741,53,53.46206358
5,67,389,10,5127,2067,2061,6,40.19894675
5,68,390,10,5127,2377,2361,16,46.05032183
5,69,391,10,5127,3012,2989,23,58.29920031
5,70,392,10,5127,2714,2684,30,52.35030232
5,71,393,10,5127,2855,2797,58,54.55432027
5,72,394,10,5127,2508,2496,12,48.68344061
5,73,395,10,5127,2738,2735,3,53.34503608
5,74,396,10,5127,2028,2024,4,39.47727716
5,75,397,10,5127,3133,3043,90,59.35244783
5,76,398,10,5127,3105,2948,157,57.49951239
5,77,399,10,5127,1766,1765,1,34.42559001
5,78,400,10,5127,2424,2322,102,45.28964307
5,79,401,10,5127,2455,2414,41,47.08406476
5,80,402,10,5127,3256,3232,24,63.03881412
5,81,403,10,5127,2230,2215,15,43.20265262
5,82,404,10,5127,2737,2730,7,53.24751317
5,83,405,10,5127,2470,2436,34,47.51316559
5,84,406,10,5127,2490,2479,11,48.35186269
5,85,407,10,5127,2532,2527,5,49.2880827
5,86,408,10,5127,2591,2588,3,50.4778623
5,87,409,10,5127,3803,3545,258,69.14374878
5,88,410,10,5127,2348,2339,9,45.62122099
5,89,411,10,5127,3344,2974,370,58.00663156
5,90,412,10,5127,2938,2906,32,56.68031988
5,91,413,10,5127,2296,2296,0,44.78252389
5,92,414,10,5127,2472,2468,4,48.13731227
5,93,415,10,5127,3110,3042,68,59.33294324
5,94,416,10,5127,2854,2840,14,55.39301736
5,95,417,10,5127,2177,2165,12,42.22742344
5,96,418,10,5127,2574,2569,5,50.10727521
5,97,419,10,5127,3455,3368,87,65.69143749
5,98,420,10,5127,2465,2457,8,47.92276185
5,99,421,10,5127,2206,2200,6,42.91008387
5,100,422,10,5127,2206,2193,13,42.77355178
6,1,423,12,5127,2877,2841,36,55.41252194
6,2,424,12,5127,2575,2560,15,49.93173396
6,3,425,12,5127,3494,3462,32,67.52486834
6,4,426,12,5127,2811,2792,19,54.45679735
6,5,427,12,5127,3101,3082,19,60.11312658
6,6,428,12,5127,3018,3008,10,58.6697874
6,7,429,12,5127,3003,2983,20,58.18217281
6,8,430,12,5127,2747,2699,48,52.64287107
6,9,431,12,5127,2305,2304,1,44.93856056
6,10,432,12,5127,2355,2351,4,45.85527599
6,11,433,12,5127,3046,3032,14,59.13789741
6,12,434,12,5127,2887,2881,6,56.19270529
6,13,435,12,5127,2889,2855,34,55.68558611
6,14,436,12,5127,2905,2897,8,56.50477862
6,15,437,12,5127,3223,3205,18,62.51219036
6,16,438,12,5127,2926,2922,4,56.99239321
6,17,439,12,5127,2329,2327,2,45.38716598
6,18,440,12,5127,2625,2615,10,51.00448605
6,19,441,12,5127,2636,2617,19,51.04349522
6,20,442,12,5127,3248,3213,35,62.66822703
6,21,443,12,5127,2921,2893,28,56.42676029
6,22,444,12,5127,3017,2962,55,57.77257656
6,23,445,12,5127,3225,3062,163,59.72303491
6,24,446,12,5127,2570,2562,8,49.97074312
6,25,447,12,5127,2852,2847,5,55.52954944
6,26,448,12,5127,2909,2906,3,56.68031988
6,27,449,12,5127,3024,2995,29,58.41622781
6,28,450,12,5127,2885,2848,37,55.54905403
6,29,451,12,5127,2599,2587,12,50.45835771
6,30,452,12,5127,3413,3386,27,66.04251999
6,31,453,12,5127,3077,3055,22,59.58650283
6,32,454,12,5127,2826,2816,10,54.92490735
6,33,455,12,5127,3245,3208,37,62.57070412
6,34,456,12,5127,2614,2610,4,50.90696314
6,35,457,12,5127,2942,2933,9,57.20694363
6,36,458,12,5127,2976,2963,13,57.79208114
6,37,459,12,5127,2994,2987,7,58.26019114
6,38,460,12,5127,2780,2761,19,53.85215526
6,39,461,12,5127,3385,3123,262,60.91281451
6,40,462,12,5127,2790,2712,78,52.89643066
6,41,463,12,5127,2906,2896,10,56.48527404
6,42,464,12,5127,2952,2921,31,56.97288863
6,43,465,12,5127,2480,2466,14,48.0983031
6,44,466,12,5127,3115,3043,72,59.35244783
6,45,467,12,5127,3094,3073,21,59.93758533
6,46,468,12,5127,3086,3023,63,58.96235615
6,47,469,12,5127,2410,2408,2,46.96703725
6,48,470,12,5127,2942,2908,34,56.71932904
6,49,471,12,5127,2829,2818,11,54.96391652
6,50,472,12,5127,2934,2921,13,56.97288863
6,51,473,12,5127,3439,3358,81,65.49639165
6,52,474,12,5127,3451,3355,96,65.4378779
6,53,475,12,5127,2902,2891,11,56.38775112
6,54,476,12,5127,2509,2496,13,48.68344061
6,55,477,12,5127,3031,3020,11,58.9038424
6,56,478,12,5127,3084,3051,33,59.50848449
6,57,479,12,5127,3103,3095,8,60.36668617
6,58,480,12,5127,3153,3115,38,60.75677784
6,59,481,12,5127,2693,2679,14,52.2527794
6,60,482,12,5127,3212,3147,65,61.38092452
6,61,483,12,5127,3342,3325,17,64.85274039
6,62,484,12,5127,3071,3007,64,58.65028282
6,63,485,12,5127,3577,3494,83,68.14901502
6,64,486,12,5127,2952,2930,22,57.14842988
6,65,487,12,5127,3415,3350,65,65.34035498
6,66,488,12,5127,2701,2628,73,51.25804564
6,67,489,12,5127,2862,2843,19,55.45153111
6,68,490,12,5127,2987,2952,35,57.57753072
6,69,491,12,5127,2925,2917,8,56.89487029
6,70,492,12,5127,3074,2950,124,57.53852155
6,71,493,12,5127,3060,3044,16,59.37195241
6,72,494,12,5127,2302,2289,13,44.64599181
6,73,495,12,5127,2457,2419,38,47.18158767
6,74,496,12,5127,3108,3104,4,60.54222742
6,75,497,12,5127,3159,3068,91,59.84006241
6,76,498,12,5127,3538,3495,43,68.1685196
6,77,499,12,5127,3586,3343,243,65.2038229
6,78,500,12,5127,2931,2917,14,56.89487029
6,79,501,12,5127,2639,2638,1,51.45309148
6,80,502,12,5127,3198,3167,31,61.77101619
6,81,503,12,5127,2715,2710,5,52.85742149
6,82,504,12,5127,3570,3368,202,65.69143749
6,83,505,12,5127,2691,2609,82,50.88745855
6,84,506,12,5127,3259,3125,134,60.95182368
6,85,507,12,5127,2796,2792,4,54.45679735
6,86,508,12,5127,3341,3282,59,64.0140433
6,87,509,12,5127,3178,3141,37,61.26389702
6,88,510,12,5127,3479,3410,69,66.51063
6,89,511,12,5127,2262,2168,94,42.2859372
6,90,512,12,5127,3165,3130,35,61.0493466
6,91,513,12,5127,3115,2902,213,56.60230154
6,92,514,12,5127,2999,2972,27,57.96762239
6,93,515,12,5127,2978,2971,7,57.94811781
6,94,516,12,5127,2546,2514,32,49.03452311
6,95,517,12,5127,3182,3171,11,61.84903452
6,96,518,12,5127,3296,3266,30,63.70196996
6,97,519,12,5127,3150,3057,93,59.625512
6,98,520,12,5127,3140,3060,80,59.68402575
6,99,521,12,5127,2859,2854,5,55.66608153
6,100,522,12,5127,3105,3050,55,59.48897991
7,1,523,14,5127,3805,3738,67,72.90813341
7,2,524,14,5127,3295,3241,54,63.21435537
7,3,525,14,5127,3170,3160,10,61.6344841
7,4,526,14,5127,3357,3320,37,64.75521748
7,5,527,14,5127,3232,3204,28,62.49268578
7,6,528,14,5127,3787,3671,116,71.60132631
7,7,529,14,5127,3219,3162,57,61.67349327
7,8,530,14,5127,3764,3680,84,71.77686756
7,9,531,14,5127,3224,3208,16,62.57070412
7,10,532,14,5127,3069,3054,15,59.56699824
7,11,533,14,5127,3589,3553,36,69.29978545
7,12,534,14,5127,3414,3370,44,65.73044665
7,13,535,14,5127,2915,2911,4,56.77784279
7,14,536,14,5127,2665,2664,1,51.96021065
7,15,537,14,5127,3082,3009,73,58.68929198
7,16,538,14,5127,2850,2826,24,55.11995319
7,17,539,14,5127,2906,2901,5,56.58279696
7,18,540,14,5127,3028,3002,26,58.5527599
7,19,541,14,5127,3107,3100,7,60.46420909
7,20,542,14,5127,3475,3407,68,66.45211625
7,21,543,14,5127,3616,3523,93,68.71464794
7,22,544,14,5127,3359,3335,24,65.04778623
7,23,545,14,5127,3134,3128,6,61.01033743
7,24,546,14,5127,2900,2883,17,56.23171445
7,25,547,14,5127,3583,3535,48,68.94870295
7,26,548,14,5127,3014,2996,18,58.4357324
7,27,549,14,5127,3632,3518,114,68.61712502
7,28,550,14,5127,2409,2355,54,45.93329432
7,29,551,14,5127,3432,3396,36,66.23756583
7,30,552,14,5127,3010,2990,20,58.3187049
7,31,553,14,5127,3794,3722,72,72.59606007
7,32,554,14,5127,3890,3663,227,71.44528964
7,33,555,14,5127,3255,3240,15,63.19485079
7,34,556,14,5127,3017,2998,19,58.47474156
7,35,557,14,5127,2716,2705,11,52.75989858
7,36,558,14,5127,3568,3556,12,69.3582992
7,37,559,14,5127,3210,3166,44,61.75151161
7,38,560,14,5127,2889,2874,15,56.0561732
7,39,561,14,5127,3539,3456,83,67.40784084
7,40,562,14,5127,3524,3432,92,66.93973084
7,41,563,14,5127,3112,3079,33,60.05461283
7,42,564,14,5127,3113,3096,17,60.38619075
7,43,565,14,5127,3901,3724,177,72.63506924
7,44,566,14,5127,3122,3117,5,60.79578701
7,45,567,14,5127,3273,3261,12,63.60444705
7,46,568,14,5127,2979,2929,50,57.1289253
7,47,569,14,5127,2952,2939,13,57.32397113
7,48,570,14,5127,3321,3307,14,64.50165789
7,49,571,14,5127,3931,3793,138,73.98088551
7,50,572,14,5127,2876,2814,62,54.88589819
7,51,573,14,5127,2991,2758,233,53.79364151
7,52,574,14,5127,3099,3082,17,60.11312658
7,53,575,14,5127,2870,2841,29,55.41252194
7,54,576,14,5127,3304,3275,29,63.87751122
7,55,577,14,5127,3151,3140,11,61.24439243
7,56,578,14,5127,3865,3732,133,72.79110591
7,57,579,14,5127,2769,2759,10,53.81314609
7,58,580,14,5127,3204,3183,21,62.08308953
7,59,581,14,5127,3133,3116,17,60.77628243
7,60,582,14,5127,3396,3354,42,65.41837332
7,61,583,14,5127,3267,3233,34,63.0583187
7,62,584,14,5127,3065,3055,10,59.58650283
7,63,585,14,5127,2772,2758,14,53.79364151
7,64,586,14,5127,3088,3045,43,59.39145699
7,65,587,14,5127,3627,3600,27,70.21650088
7,66,588,14,5127,3283,3221,62,62.8242637
7,67,589,14,5127,2903,2825,78,55.10044861
7,68,590,14,5127,3716,3633,83,70.86015214
7,69,591,14,5127,2836,2815,21,54.90540277
7,70,592,14,5127,3001,2994,7,58.39672323
7,71,593,14,5127,3607,3559,48,69.41681295
7,72,594,14,5127,3074,3053,21,59.54749366
7,73,595,14,5127,3211,3181,30,62.04408036
7,74,596,14,5127,2654,2651,3,51.70665106
7,75,597,14,5127,3001,2990,11,58.3187049
7,76,598,14,5127,3613,3519,94,68.63662961
7,77,599,14,5127,3316,3304,12,64.44314414
7,78,600,14,5127,2969,2959,10,57.7140628
7,79,601,14,5127,2989,2976,13,58.04564073
7,80,602,14,5127,3348,3297,51,64.30661205
7,81,603,14,5127,3069,3055,14,59.58650283
7,82,604,14,5127,3327,3318,9,64.71620831
7,83,605,14,5127,3813,3520,293,68.65613419
7,84,606,14,5127,3489,3423,66,66.76418958
7,85,607,14,5127,3457,3254,203,63.46791496
7,86,608,14,5127,3144,3137,7,61.18587868
7,87,609,14,5127,3100,3029,71,59.07938366
7,88,610,14,5127,3088,3048,40,59.44997074
7,89,611,14,5127,3260,3242,18,63.23385996
7,90,612,14,5127,2862,2840,22,55.39301736
7,91,613,14,5127,3447,3414,33,66.58864833
7,92,614,14,5127,3029,3018,11,58.86483324
7,93,615,14,5127,2958,2946,12,57.46050322
7,94,616,14,5127,2717,2683,34,52.33079774
7,95,617,14,5127,2930,2924,6,57.03140238
7,96,618,14,5127,3010,2997,13,58.45523698
7,97,619,14,5127,3228,3191,37,62.23912619
7,98,620,14,5127,3220,3183,37,62.08308953
7,99,621,14,5127,3193,3118,75,60.81529159
7,100,622,14,5127,2992,2941,51,57.3629803
8,1,623,16,5127,3417,3345,72,65.24283207
8,2,624,16,5127,3622,3602,20,70.25551004
8,3,625,16,5127,3126,3105,21,60.56173201
8,4,626,16,5127,3615,3478,137,67.83694168
8,5,627,16,5127,3169,3160,9,61.6344841
8,6,628,16,5127,3778,3710,68,72.36200507
8,7,629,16,5127,3703,3668,35,71.54281256
8,8,630,16,5127,3354,3339,15,65.12580456
8,9,631,16,5127,3417,3232,185,63.03881412
8,10,632,16,5127,3095,3059,36,59.66452116
8,11,633,16,5127,3531,3503,28,68.32455627
8,12,634,16,5127,3221,3180,41,62.02457578
8,13,635,16,5127,3046,3033,13,59.15740199
8,14,636,16,5127,3270,3196,74,62.33664911
8,15,637,16,5127,3353,3333,20,65.00877706
8,16,638,16,5127,3213,3201,12,62.43417203
8,17,639,16,5127,3750,3640,110,70.99668422
8,18,640,16,5127,3500,3463,37,67.54437293
8,19,641,16,5127,3015,2971,44,57.94811781
8,20,642,16,5127,3151,3136,15,61.1663741
8,21,643,16,5127,2972,2913,59,56.81685196
8,22,644,16,5127,3302,3059,243,59.66452116
8,23,645,16,5127,4001,3804,197,74.19543593
8,24,646,16,5127,3963,3847,116,75.03413302
8,25,647,16,5127,3764,3619,145,70.58708797
8,26,648,16,5127,3404,3385,19,66.02301541
8,27,649,16,5127,3275,3194,81,62.29763995
8,28,650,16,5127,3296,3288,8,64.1310708
8,29,651,16,5127,2848,2843,5,55.45153111
8,30,652,16,5127,3065,3049,16,59.46947533
8,31,653,16,5127,3313,3297,16,64.30661205
8,32,654,16,5127,3617,3604,13,70.29451921
8,33,655,16,5127,3894,3661,233,71.40628048
8,34,656,16,5127,3245,3230,15,62.99980495
8,35,657,16,5127,3584,3554,30,69.31929003
8,36,658,16,5127,3017,2988,29,58.27969573
8,37,659,16,5127,3429,3392,37,66.15954749
8,38,660,16,5127,3601,3467,134,67.62239126
8,39,661,16,5127,3583,3548,35,69.20226253
8,40,662,16,5127,3262,3257,5,63.52642871
8,41,663,16,5127,3325,3311,14,64.57967622
8,42,664,16,5127,3665,3636,29,70.91866589
8,43,665,16,5127,3509,3400,109,66.31558416
8,44,666,16,5127,3142,3119,23,60.83479618
8,45,667,16,5127,3590,3554,36,69.31929003
8,46,668,16,5127,3547,3512,35,68.50009752
8,47,669,16,5127,3142,3089,53,60.24965867
8,48,670,16,5127,3001,2900,101,56.56329237
8,49,671,16,5127,3121,3115,6,60.75677784
8,50,672,16,5127,3762,3674,88,71.65984006
8,51,673,16,5127,3465,3447,18,67.23229959
8,52,674,16,5127,3294,3259,35,63.56543788
8,53,675,16,5127,3895,3808,87,74.27345426
8,54,676,16,5127,3299,3296,3,64.28710747
8,55,677,16,5127,3562,3496,66,68.18802419
8,56,678,16,5127,3716,3686,30,71.89389507
8,57,679,16,5127,3342,3317,25,64.69670373
8,58,680,16,5127,3499,3462,37,67.52486834
8,59,681,16,5127,3260,3240,20,63.19485079
8,60,682,16,5127,3771,3719,52,72.53754632
8,61,683,16,5127,3514,3488,26,68.03198752
8,62,684,16,5127,3208,3150,58,61.43943827
8,63,685,16,5127,2872,2852,20,55.62707236
8,64,686,16,5127,3055,2945,110,57.44099863
8,65,687,16,5127,3300,3279,21,63.95552955
8,66,688,16,5127,3321,3314,7,64.63818997
8,67,689,16,5127,3307,3209,98,62.5902087
8,68,690,16,5127,3348,3341,7,65.16481373
8,69,691,16,5127,3425,3366,59,65.65242832
8,70,692,16,5127,3247,3232,15,63.03881412
8,71,693,16,5127,3669,3568,101,69.5923542
8,72,694,16,5127,3458,3440,18,67.09576751
8,73,695,16,5127,3797,3763,34,73.395748
8,74,696,16,5127,3519,3495,24,68.1685196
8,75,697,16,5127,3836,3745,91,73.0446655
8,76,698,16,5127,3564,3551,13,69.26077628
8,77,699,16,5127,3465,3447,18,67.23229959
8,78,700,16,5127,3335,3320,15,64.75521748
8,79,701,16,5127,3407,3321,86,64.77472206
8,80,702,16,5127,3103,3090,13,60.26916325
8,81,703,16,5127,3684,3526,158,68.77316169
8,82,704,16,5127,4290,3956,334,77.16013263
8,83,705,16,5127,3048,3033,15,59.15740199
8,84,706,16,5127,3409,3394,15,66.19855666
8,85,707,16,5127,3017,2996,21,58.4357324
8,86,708,16,5127,3313,3287,26,64.11156622
8,87,709,16,5127,3820,3728,92,72.71308758
8,88,710,16,5127,3225,3189,36,62.20011703
8,89,711,16,5127,3211,3199,12,62.39516286
8,90,712,16,5127,3270,3245,25,63.29237371
8,91,713,16,5127,3292,3240,52,63.19485079
8,92,714,16,5127,3822,3719,103,72.53754632
8,93,715,16,5127,3513,3404,109,66.3936025
8,94,716,16,5127,3280,3265,15,63.68246538
8,95,717,16,5127,3358,3352,6,65.37936415
8,96,718,16,5127,2961,2952,9,57.57753072
8,97,719,16,5127,3708,3669,39,71.56231714
8,98,720,16,5127,3336,3317,19,64.69670373
8,99,721,16,5127,3251,3249,2,63.37039204
8,100,722,16,5127,2904,2896,8,56.48527404
9,1,723,18,5127,3607,3571,36,69.65086795
9,2,724,18,5127,3427,3391,36,66.14004291
9,3,725,18,5127,4362,4004,358,78.09635264
9,4,726,18,5127,3152,3102,50,60.50321826
9,5,727,18,5127,3508,3489,19,68.0514921
9,6,728,18,5127,3672,3615,57,70.50906963
9,7,729,18,5127,3780,3705,75,72.26448215
9,8,730,18,5127,3286,3284,2,64.05305247
9,9,731,18,5127,3220,3207,13,62.55119953
9,10,732,18,5127,3796,3725,71,72.65457382
9,11,733,18,5127,3224,3220,4,62.80475912
9,12,734,18,5127,3074,3067,7,59.82055783
9,13,735,18,5127,3188,3180,8,62.02457578
9,14,736,18,5127,3594,3532,62,68.89018919
9,15,737,18,5127,2928,2903,25,56.62180612
9,16,738,18,5127,3331,3315,16,64.65769456
9,17,739,18,5127,4256,4043,213,78.8570314
9,18,740,18,5127,4015,3916,99,76.37994929
9,19,741,18,5127,3751,3706,45,72.28398674
9,20,742,18,5127,4063,3917,146,76.39945387
9,21,743,18,5127,3440,3415,25,66.60815292
9,22,744,18,5127,3804,3701,103,72.18646382
9,23,745,18,5127,3362,3327,35,64.89174956
9,24,746,18,5127,3115,3002,113,58.5527599
9,25,747,18,5127,3831,3741,90,72.96664716
9,26,748,18,5127,3847,3758,89,73.29822508
9,27,749,18,5127,3841,3767,74,73.47376634
9,28,750,18,5127,3476,3435,41,66.99824459
9,29,751,18,5127,3495,3473,22,67.73941876
9,30,752,18,5127,3567,3536,31,68.96820753
9,31,753,18,5127,3507,3496,11,68.18802419
9,32,754,18,5127,3653,3615,38,70.50906963
9,33,755,18,5127,3276,3243,33,63.25336454
9,34,756,18,5127,3644,3628,16,70.76262922
9,35,757,18,5127,3526,3476,50,67.79793251
9,36,758,18,5127,3271,3241,30,63.21435537
9,37,759,18,5127,3755,3736,19,72.86912424
9,38,760,18,5127,3541,3515,26,68.55861127
9,39,761,18,5127,3703,3552,151,69.28028087
9,40,762,18,5127,3681,3662,19,71.42578506
9,41,763,18,5127,3592,3564,28,69.51433587
9,42,764,18,5127,3481,3473,8,67.73941876
9,43,765,18,5127,3441,3396,45,66.23756583
9,44,766,18,5127,3371,3365,6,65.63292374
9,45,767,18,5127,4210,3847,363,75.03413302
9,46,768,18,5127,3770,3711,59,72.38150965
9,47,769,18,5127,3552,3527,25,68.79266628
9,48,770,18,5127,3804,3753,51,73.20070217
9,49,771,18,5127,3337,3307,30,64.50165789
9,50,772,18,5127,3310,3279,31,63.95552955
9,51,773,18,5127,3339,3331,8,64.9697679
9,52,774,18,5127,3640,3626,14,70.72362005
9,53,775,18,5127,3636,3623,13,70.6651063
9,54,776,18,5127,3579,3553,26,69.29978545
9,55,777,18,5127,3782,3680,102,71.77686756
9,56,778,18,5127,3405,3291,114,64.18958455
9,57,779,18,5127,3566,3553,13,69.29978545
9,58,780,18,5127,3458,3430,28,66.90072167
9,59,781,18,5127,3862,3785,77,73.82484884
9,60,782,18,5127,3808,3714,94,72.44002341
9,61,783,18,5127,3813,3754,59,73.22020675
9,62,784,18,5127,3436,3294,142,64.2480983
9,63,785,18,5127,3073,3025,48,59.00136532
9,64,786,18,5127,3304,3257,47,63.52642871
9,65,787,18,5127,3754,3739,15,72.92763799
9,66,788,18,5127,3658,3613,45,70.47006046
9,67,789,18,5127,3346,3341,5,65.16481373
9,68,790,18,5127,4047,3934,113,76.73103179
9,69,791,18,5127,3663,3621,42,70.62609713
9,70,792,18,5127,3542,3520,22,68.65613419
9,71,793,18,5127,3727,3693,34,72.03042715
9,72,794,18,5127,3382,3313,69,64.61868539
9,73,795,18,5127,3693,3561,132,69.45582212
9,74,796,18,5127,3557,3527,30,68.79266628
9,75,797,18,5127,3545,3489,56,68.0514921
9,76,798,18,5127,4317,3927,390,76.59449971
9,77,799,18,5127,3783,3727,56,72.69358299
9,78,800,18,5127,4136,3940,196,76.84805929
9,79,801,18,5127,3605,3556,49,69.3582992
9,80,802,18,5127,3559,3486,73,67.99297835
9,81,803,18,5127,3604,3571,33,69.65086795
9,82,804,18,5127,3664,3623,41,70.6651063
9,83,805,18,5127,3648,3583,65,69.88492296
9,84,806,18,5127,3697,3647,50,71.13321631
9,85,807,18,5127,3951,3873,78,75.54125219
9,86,808,18,5127,3695,3673,22,71.64033548
9,87,809,18,5127,3419,3405,14,66.41310708
9,88,810,18,5127,3662,3652,10,71.23073922
9,89,811,18,5127,3595,3581,14,69.84591379
9,90,812,18,5127,4040,3929,111,76.63350887
9,91,813,18,5127,3374,3351,23,65.35985957
9,92,814,18,5127,3635,3545,90,69.14374878
9,93,815,18,5127,3041,3031,10,59.11839282
9,94,816,18,5127,3082,3062,20,59.72303491
9,95,817,18,5127,3522,3501,21,68.2855471
9,96,818,18,5127,3425,3408,17,66.47162083
9,97,819,18,5127,3691,3622,69,70.64560172
9,98,820,18,5127,3851,3749,102,73.12268383
9,99,821,18,5127,3005,2981,24,58.14316364
9,100,822,18,5127,3231,3224,7,62.88277745
10,1,823,20,5127,3910,3826,84,74.62453677
10,2,824,20,5127,3409,3405,4,66.41310708
10,3,825,20,5127,3917,3805,112,74.21494051
10,4,826,20,5127,3680,3637,43,70.93817047
10,5,827,20,5127,3759,3747,12,73.08367466
10,6,828,20,5127,3880,3800,80,74.11741759
10,7,829,20,5127,3652,3624,28,70.68461088
10,8,830,20,5127,3800,3746,54,73.06417008
10,9,831,20,5127,3663,3642,21,71.03569339
10,10,832,20,5127,3613,3524,89,68.73415253
10,11,833,20,5127,3803,3688,115,71.93290423
10,12,834,20,5127,3939,3876,63,75.59976594
10,13,835,20,5127,3367,3362,5,65.57440999
10,14,836,20,5127,3576,3503,73,68.32455627
10,15,837,20,5127,4303,4018,285,78.36941681
10,16,838,20,5127,3800,3746,54,73.06417008
10,17,839,20,5127,3793,3760,33,73.33723425
10,18,840,20,5127,3619,3606,13,70.33352838
10,19,841,20,5127,3689,3656,33,71.30875756
10,20,842,20,5127,3301,3273,28,63.83850205
10,21,843,20,5127,3712,3676,36,71.69884923
10,22,844,20,5127,3749,3731,18,72.77160133
10,23,845,20,5127,3899,3856,43,75.20967427
10,24,846,20,5127,3814,3803,11,74.17593134
10,25,847,20,5127,3804,3768,36,73.49327092
10,26,848,20,5127,3631,3618,13,70.56758338
10,27,849,20,5127,3199,3182,17,62.06358494
10,28,850,20,5127,3661,3636,25,70.91866589
10,29,851,20,5127,3638,3616,22,70.52857421
10,30,852,20,5127,3802,3740,62,72.94714258
10,31,853,20,5127,3753,3577,176,69.76789546
10,32,854,20,5127,3315,3269,46,63.76048371
10,33,855,20,5127,3824,3763,61,73.395748
10,34,856,20,5127,3256,3234,22,63.07782329
10,35,857,20,5127,3678,3660,18,71.38677589
10,36,858,20,5127,3837,3820,17,74.50750926
10,37,859,20,5127,3458,3430,28,66.90072167
10,38,860,20,5127,3768,3726,42,72.67407841
10,39,861,20,5127,3735,3723,12,72.61556466
10,40,862,20,5127,3712,3665,47,71.48429881
10,41,863,20,5127,3374,3342,32,65.18431831
10,42,864,20,5127,3614,3600,14,70.21650088
10,43,865,20,5127,3741,3712,29,72.40101424
10,44,866,20,5127,3979,3889,90,75.85332553
10,45,867,20,5127,3327,3307,20,64.50165789
10,46,868,20,5127,3688,3661,27,71.40628048
10,47,869,20,5127,3709,3678,31,71.7378584
10,48,870,20,5127,3383,3348,35,65.30134582
10,49,871,20,5127,3806,3758,48,73.29822508
10,50,872,20,5127,3674,3656,18,71.30875756
10,51,873,20,5127,4363,3929,434,76.63350887
10,52,874,20,5127,3645,3601,44,70.23600546
10,53,875,20,5127,4090,3948,142,77.00409596
10,54,876,20,5127,3463,3419,44,66.68617125
10,55,877,20,5127,3900,3824,76,74.5855276
10,56,878,20,5127,3934,3857,77,75.22917886
10,57,879,20,5127,4429,4181,248,81.54866394
10,58,880,20,5127,3495,3468,27,67.64189585
10,59,881,20,5127,3736,3719,17,72.53754632
10,60,882,20,5127,3993,3945,48,76.94558221
10,61,883,20,5127,4220,3886,334,75.79481178
10,62,884,20,5127,3907,3874,33,75.56075678
10,63,885,20,5127,3597,3519,78,68.63662961
10,64,886,20,5127,3818,3787,31,73.86385801
10,65,887,20,5127,3584,3551,33,69.26077628
10,66,888,20,5127,3773,3726,47,72.67407841
10,67,889,20,5127,3596,3569,27,69.61185879
10,68,890,20,5127,3618,3605,13,70.3140238
10,69,891,20,5127,3950,3790,160,73.92237176
10,70,892,20,5127,3753,3725,28,72.65457382
10,71,893,20,5127,3698,3653,45,71.25024381
10,72,894,20,5127,3858,3708,150,72.3229959
10,73,895,20,5127,3243,3209,34,62.5902087
10,74,896,20,5127,4281,4079,202,79.55919641
10,75,897,20,5127,3439,3397,42,66.25707041
10,76,898,20,5127,3774,3669,105,71.56231714
10,77,899,20,5127,3725,3685,40,71.87439048
10,78,900,20,5127,3383,3203,180,62.4731812
10,79,901,20,5127,3934,3887,47,75.81431636
10,80,902,20,5127,3656,3610,46,70.41154671
10,81,903,20,5127,3826,3709,117,72.34250049
10,82,904,20,5127,3620,3607,13,70.35303296
10,83,905,20,5127,4090,3947,143,76.98459138
10,84,906,20,5127,3733,3715,18,72.45952799
10,85,907,20,5127,3852,3826,26,74.62453677
10,86,908,20,5127,3594,3571,23,69.65086795
10,87,909,20,5127,3737,3702,35,72.2059684
10,88,910,20,5127,3910,3887,23,75.81431636
10,89,911,20,5127,3926,3879,47,75.6582797
10,90,912,20,5127,3414,3370,44,65.73044665
10,91,913,20,5127,3447,3401,46,66.33508875
10,92,914,20,5127,3818,3791,27,73.94187634
10,93,915,20,5127,3770,3720,50,72.55705091
10,94,916,20,5127,3539,3440,99,67.09576751
10,95,917,20,5127,4034,3921,113,76.47747221
10,96,918,20,5127,4532,4112,420,80.20284767
10,97,919,20,5127,3814,3775,39,73.629803
10,98,920,20,5127,3897,3852,45,75.13165594
10,99,921,20,5127,3543,3523,20,68.71464794
10,100,922,20,5127,3744,3486,258,67.99297835
